<manifest><control namespace="IdentityControl" constructor="TurkishIdentityNoValidator" version="0.0.4" display-name-key="TCKN Validator Component" description-key="Türk vatandaşlarının T.C. Kimlik Numaralarını doğrulamak için kullanılan bir PowerApps Component Framework (PCF) bileşeni. Bu bileşen, kullanıcıların girdiği T.C. Kimlik Numarası, isim, soyisim ve doğum yılı bilgilerini kontrol eder ve doğrular." control-type="standard" api-version="1.3.16"><external-service-usage enabled="false" /><property name="tckn" display-name-key="TCKN" description-key="Identity No" of-type="SingleLine.Text" usage="bound" required="true" /><property name="name" display-name-key="Name" description-key="Identity No" of-type="SingleLine.Text" usage="bound" required="true" /><property name="surname" display-name-key="Surname" description-key="Identity No" of-type="SingleLine.Text" usage="bound" required="true" /><property name="birthYear" display-name-key="Birth Year" description-key="Birth Year" of-type="SingleLine.Text" usage="bound" required="true" /><resources><code path="bundle.js" order="1" /></resources><feature-usage><uses-feature name="WebAPI" required="true" /></feature-usage><built-by name="pac" version="1.40.4" /></control></manifest>