<ImportExportXml xmlns:xsi="http://www.w3.org/2001/XMLSchema-instance" OrganizationVersion="9.2.25014.216" OrganizationSchemaType="Standard" CRMServerServiceabilityVersion="9.2.25023.00188">
  <Entities></Entities>
  <Roles></Roles>
  <Workflows>
    <Workflow WorkflowId="{9f90ff27-a004-f011-bae3-6045bdddb7e6}" Name="TCKNValidateAction">
      <XamlFileName>/Workflows/TCKNValidateAction-9F90FF27-A004-F011-BAE3-6045BDDDB7E6.xaml</XamlFileName>
      <Type>1</Type>
      <Subprocess>0</Subprocess>
      <Category>3</Category>
      <Mode>0</Mode>
      <Scope>4</Scope>
      <OnDemand>0</OnDemand>
      <TriggerOnCreate>0</TriggerOnCreate>
      <TriggerOnDelete>0</TriggerOnDelete>
      <AsyncAutodelete>0</AsyncAutodelete>
      <SyncWorkflowLogOnFailure>0</SyncWorkflowLogOnFailure>
      <StateCode>1</StateCode>
      <StatusCode>2</StatusCode>
      <CreateStage>40</CreateStage>
      <RunAs>1</RunAs>
      <SdkMessageId>{a090ff27-a004-f011-bae3-6045bdddb7e6}</SdkMessageId>
      <UniqueName>TCKNValidateAction</UniqueName>
      <IsTransacted>0</IsTransacted>
      <IntroducedVersion>1.0.0.0</IntroducedVersion>
      <IsCustomizable>1</IsCustomizable>
      <BusinessProcessType>0</BusinessProcessType>
      <FormId>{00000000-0000-0000-0000-000000000000}</FormId>
      <IsCustomProcessingStepAllowedForOtherPublishers>1</IsCustomProcessingStepAllowedForOtherPublishers>
      <PrimaryEntity>none</PrimaryEntity>
      <LocalizedNames>
        <LocalizedName languagecode="1055" description="TCKNValidateAction" />
      </LocalizedNames>
    </Workflow>
  </Workflows>
  <FieldSecurityProfiles></FieldSecurityProfiles>
  <Templates />
  <EntityMaps />
  <EntityRelationships />
  <OrganizationSettings />
  <optionsets />
  <CustomControls>
    <CustomControl>
      <Name>uls_IdentityControl.TurkishIdentityNoValidator</Name>
      <FileName>/Controls/uls_IdentityControl.TurkishIdentityNoValidator/ControlManifest.xml</FileName>
    </CustomControl>
  </CustomControls>
  <SolutionPluginAssemblies>
    <PluginAssembly FullName="IdentityValidator.Plugin, Version=1.0.0.0, Culture=neutral, PublicKeyToken=70904904254d6342" PluginAssemblyId="a5d742a5-cd49-4895-ab87-e64e35f07119" CustomizationLevel="1">
      <IsolationMode>2</IsolationMode>
      <SourceType>0</SourceType>
      <IntroducedVersion>1.0</IntroducedVersion>
      <FileName>/PluginAssemblies/IdentityValidatorPlugin-A5D742A5-CD49-4895-AB87-E64E35F07119/IdentityValidatorPlugin.dll</FileName>
      <PluginTypes>
        <PluginType AssemblyQualifiedName="IdentityValidator.Plugin.Actions.TCKNValidateAction, IdentityValidator.Plugin, Version=1.0.0.0, Culture=neutral, PublicKeyToken=70904904254d6342" PluginTypeId="6aeb7a4c-7cad-4544-8689-de15965a7077" Name="IdentityValidator.Plugin.Actions.TCKNValidateAction">
          <FriendlyName>83323586-f9a9-487d-8bf2-11b4e289d32c</FriendlyName>
        </PluginType>
      </PluginTypes>
    </PluginAssembly>
  </SolutionPluginAssemblies>
  <SdkMessageProcessingSteps>
    <SdkMessageProcessingStep Name="IdentityValidator.Plugin.Actions.TCKNValidateAction: uls_TCKNValidateAction of any Entity" SdkMessageProcessingStepId="{0114ac13-a104-f011-bae3-6045bdddb7e6}">
      <SdkMessageId>a090ff27-a004-f011-bae3-6045bdddb7e6</SdkMessageId>
      <PluginTypeName>IdentityValidator.Plugin.Actions.TCKNValidateAction, IdentityValidator.Plugin, Version=1.0.0.0, Culture=neutral, PublicKeyToken=70904904254d6342</PluginTypeName>
      <PluginTypeId>6aeb7a4c-7cad-4544-8689-de15965a7077</PluginTypeId>
      <AsyncAutoDelete>0</AsyncAutoDelete>
      <Description>IdentityValidator.Plugin.Actions.TCKNValidateAction: uls_TCKNValidateAction of any Entity</Description>
      <FilteringAttributes></FilteringAttributes>
      <InvocationSource>0</InvocationSource>
      <Mode>0</Mode>
      <Rank>1</Rank>
      <EventHandlerTypeCode>4602</EventHandlerTypeCode>
      <Stage>40</Stage>
      <IsCustomizable>1</IsCustomizable>
      <IsHidden>0</IsHidden>
      <SupportedDeployment>0</SupportedDeployment>
      <IntroducedVersion>1.0</IntroducedVersion>
      <SdkMessageProcessingStepImages />
    </SdkMessageProcessingStep>
  </SdkMessageProcessingSteps>
  <EntityDataProviders />
  <Languages>
    <Language>1055</Language>
  </Languages>
</ImportExportXml>